scientific_name,exotic,native,category
Soliva sp.,f,Exotic,Genus Only
Capillipedium spicigerum,f,Native,Native
Carpobrotus glaucescens,f,Native,Native
Centaurium spicatum,f,Native,Native
Centipeda minima,f,Native,Native
Chiloglottis diphylla,f,Native,Native
Chiloglottis formicifera,f,Native,Native
Christella dentata,f,Native,Native
Comesperma sphaerocarpum,f,Native,Native
Conospermum longifolium,f,Native,Native
Corybas fimbriatus,f,Native,Native
Crassula decumbens,f,Native,Native
Cymbidium suave,f,Native,Native
Cyperus mirus,f,Native,Native
Cyperus odoratus,f,Native,Native
Cyperus platystylis,f,Native,Native
Daviesia squarrosa,f,Native,Native
Dendrobium speciosum,f,Native,Native
Dichelachne sieberiana,f,Native,Native
Digitaria diffusa,f,Native,Native
Dillwynia elegans,f,Native,Native
Dillwynia phylicoides,f,Native,Native
Dipodium roseum,f,Native,Native
Doodia aspera,f,Native,Native
Dysphania carinata,f,Native,Native
Dysphania pumilio,f,Native,Native
Eleocharis cylindrostachys,f,Native,Native
Eleocharis equisetina,f,Native,Native
Eragrostis elongata,f,Native,Native
Erythrorchis cassythoides,f,Native,Native
Ficus coronata,f,Native,Native
Galium liratum,f,Native,Native
Gompholobium inconspicuum,f,Native,Native
Gonocarpus humilis,f,Native,Native
Gonocarpus micranthus,f,Native,Native
Hemarthria uncinata,f,Native,Native
Eucalyptus camaldulensis,f,Native,Native
Hydrocotyle acutiloba,f,Native,Native
Hydrocotyle tripartita,f,Native,Native
Isachne globosa,f,Native,Native
Isotoma fluviatilis,f,Native,Native
Juncus aridicola,f,Native,Native
Juncus flavidus,f,Native,Native
Juncus planifolius,f,Native,Native
Juncus prismatocarpus,f,Native,Native
Leptospermum grandifolium,f,Native,Native
Lomandra hystrix,f,Native,Native
Lythrum hyssopifolia,f,Native,Native
Melaleuca armillaris,f,Native,Native
Melaleuca hypericifolia,f,Native,Native
Mentha satureioides,f,Native,Native
Microtis parviflora,f,Native,Native
Mirbelia speciosa,f,Native,Native
Myoporum bateae,f,Native,Native
Myriophyllum variifolium,f,Native,Native
Olax stricta,f,Native,Native
Pandorea jasminoides,f,Native,Native
Panicum decompositum,f,Native,Native
Paspalidium caespitosum,f,Native,Native
Paspalum distichum,f,Native,Native
Pelargonium australe,f,Native,Native
Persicaria subsessilis,f,Native,Native
Petrophile pulchella,f,Native,Native
Philotheca hispidula,f,Native,Native
Pomaderris elliptica,f,Native,Native
Potamogeton sulcatus,f,Native,Native
Pterostylis bicolor,f,Native,Native
Pterostylis curta,f,Native,Native
Pterostylis oblonga,f,Native,Native
Pterostylis parviflora,f,Native,Native
Pterostylis pedunculata,f,Native,Native
Pterostylis truncata,f,Native,Native
Pultenaea paleacea,f,Native,Native
Pultenaea scabra,f,Native,Native
Pyrrosia rupestris,f,Native,Native
Ranunculus lappaceus,f,Native,Native
Ruppia maritima,f,Native,Native
Santalum obtusifolium,f,Native,Native
Senecio tenuiflorus,f,Native,Native
Senna clavigera,f,Native,Native
Sigesbeckia orientalis,f,Native,Native
Solenogyne dominii,f,Native,Native
Sphaeromorphaea australis,f,Native,Native
Stylidium laricifolium,f,Native,Native
Stylidium productum,f,Native,Native
Styphelia triflora,f,Native,Native
Styphelia viridis,f,Native,Native
Thelymitra ixioides,f,Native,Native
Thysanotus tuberosus,f,Native,Native
Typha domingensis,f,Native,Native
Vittadinia pustulata,f,Native,Native
Wurmbea dioica,f,Native,Native
Zornia dyctiocarpa,f,Native,Native
Zostera capricorni,f,Native,Native
Acacia baileyana,f,Native,Native
Acacia binervia,f,Native,Native
Acacia brownii,f,Native,Native
Acacia decurrens,f,Native,Native
Acacia echinula,f,Native,Native
Acacia falcata,f,Native,Native
Acacia fimbriata,f,Native,Native
Acacia floribunda,f,Native,Native
Acacia genistifolia,f,Native,Native
Acacia implexa,f,Native,Native
Acacia linifolia,f,Native,Native
Acacia longifolia,f,Native,Native
Acacia maidenii,f,Native,Native
Acacia mearnsii,f,Native,Native
Acacia myrtifolia,f,Native,Native
Acacia parramattensis,f,Native,Native
Acacia parvipinnula,f,Native,Native
Acacia stricta,f,Native,Native
Acacia suaveolens,f,Native,Native
Acacia prominens,f,Native,Native
Acacia ulicifolia,f,Native,Native
Acianthus caudatus,f,Native,Native
Acianthus fornicatus,f,Native,Native
Actinotus helianthi,f,Native,Native
Actinotus minor,f,Native,Native
Adiantum aethiopicum,f,Native,Native
Aegiceras corniculatum,f,Native,Native
Allocasuarina littoralis,f,Native,Native
Allocasuarina paludosa,f,Native,Native
Allocasuarina torulosa,f,Native,Native
Alocasia brisbanensis,f,Native,Native
Alphitonia excelsa,f,Native,Native
Alternanthera denticulata,f,Native,Native
Amyema gaudichaudii,f,Native,Native
Amyema miquelii,f,Native,Native
Amyema pendula,f,Native,Native
Angophora bakeri,f,Native,Native
Angophora costata,f,Native,Native
Angophora floribunda,f,Native,Native
Angophora hispida,f,Native,Native
Angophora subvelutina,f,Native,Native
Anisopogon avenaceus,f,Native,Native
Anthosachne scabra,f,Native,Native
Aristida ramosa,f,Native,Native
Aristida warburgii,f,Native,Native
Arthropodium milleflorum,f,Native,Native
Arthropodium minus,f,Native,Native
Asperula conferta,f,Native,Native
Asplenium flabellifolium,f,Native,Native
Astroloma humifusum,f,Native,Native
Atriplex australasica,f,Native,Native
Atriplex semibaccata,f,Native,Native
Austrostipa pubescens,f,Native,Native
Austrostipa ramosissima,f,Native,Native
Austrostipa setacea,f,Native,Native
Backhousia myrtifolia,f,Native,Native
Baeckea diosmifolia,f,Native,Native
Banksia ericifolia,f,Native,Native
Banksia integrifolia,f,Native,Native
Banksia marginata,f,Native,Native
Banksia oblongifolia,f,Native,Native
Banksia serrata,f,Native,Native
Banksia spinulosa,f,Native,Native
Billardiera scandens,f,Native,Native
Bolboschoenus caldwellii,f,Native,Native
Bolboschoenus fluviatilis,f,Native,Native
Boronia ledifolia,f,Native,Native
Bossiaea heterophylla,f,Native,Native
Bossiaea prostrata,f,Native,Native
Bossiaea scolopendria,f,Native,Native
Bothriochloa macra,f,Native,Native
Brachychiton acerifolius,f,Native,Native
Brachychiton populneus,f,Native,Native
Brachyloma daphnoides,f,Native,Native
Breynia oblongifolia,f,Native,Native
Brunoniella australis,f,Native,Native
Brunoniella pumilio,f,Native,Native
Burchardia umbellata,f,Native,Native
Bursaria spinosa,f,Native,Native
Chorizema parviflorum,f,Native,Native
Caladenia carnea,f,Native,Native
Caladenia catenata,f,Native,Native
Caladenia picta,f,Native,Native
Calandrinia pickeringii,f,Native,Native
Callicoma serratifolia,f,Native,Native
Callistemon citrinus,f,Native,Native
Callistemon linearis,f,Native,Native
Callistemon pinifolius,f,Native,Native
Callistemon salignus,f,Native,Native
Callistemon sieberi,f,Native,Native
Callistemon viminalis,f,Native,Native
Callitris rhomboidea,f,Native,Native
Calochilus campestris,f,Native,Native
Calochilus paludosus,f,Native,Native
Calochlaena dubia,f,Native,Native
Calotis cuneifolia,f,Native,Native
Calotis dentex,f,Native,Native
Calotis lappulacea,f,Native,Native
Calystegia marginata,f,Native,Native
Carex appressa,f,Native,Native
Carex breviculmis,f,Native,Native
Carex inversa,f,Native,Native
Carex pumila,f,Native,Native
Cassinia aureonitens,f,Native,Native
Cassinia laevis,f,Native,Native
Cassinia longifolia,f,Native,Native
Cassinia sifton,f,Native,Native
Cassinia trinerva,f,Native,Native
Cassytha glabella,f,Native,Native
Cassytha pubescens,f,Native,Native
Casuarina glauca,f,Native,Native
Caustis flexuosa,f,Native,Native
Cayratia clematidea,f,Native,Native
Cenchrus purpurascens,f,Native,Native
Centella asiatica,f,Native,Native
Ceratopetalum apetalum,f,Native,Native
Ceratopetalum gummiferum,f,Native,Native
Acacia pubescens,f,Native,Native
Chloris truncata,f,Native,Native
Chloris ventricosa,f,Native,Native
Chrysocephalum apiculatum,f,Native,Native
Clematis aristata,f,Native,Native
Clematis glycinoides,f,Native,Native
Callistemon linearifolius,f,Native,Native
Clerodendrum tomentosum,f,Native,Native
Comesperma ericinum,f,Native,Native
Commelina cyanea,f,Native,Native
Commersonia dasyphylla,f,Native,Native
Convolvulus erubescens,f,Native,Native
Coronidium oxylepis,f,Native,Native
Coronidium scorpioides,f,Native,Native
Corybas aconitiflorus,f,Native,Native
Corymbia gummifera,f,Native,Native
Corymbia maculata,f,Native,Native
Cotula australis,f,Native,Native
Crassula sieberiana,f,Exotic,Exotic
Crinum pedunculatum,f,Native,Native
Cryptandra amara,f,Native,Native
Cryptandra propinqua,f,Native,Native
Cryptandra spinescens,f,Native,Native
Cryptostylis erecta,f,Native,Native
Cyanicula caerulea,f,Native,Native
Cyanthillium cinereum,f,Exotic,Exotic
Cyathochaeta diandra,f,Native,Native
Cymbopogon refractus,f,Native,Native
Cynodon dactylon,f,Native,Native
Cyperus difformis,f,Native,Native
Cyperus gracilis,f,Native,Native
Cyperus imbecillis,f,Native,Native
Cyperus laevis,f,Native,Native
Cyperus polystachyos,f,Native,Native
Dampiera stricta,f,Native,Native
Daviesia acicularis,f,Native,Native
Daviesia corymbosa,f,Native,Native
Dendrophthoe vitellina,f,Native,Native
Denhamia silvestris,f,Native,Native
Epacris purpurascens,f,Native,Native
Deyeuxia quadriseta,f,Native,Native
Dianella caerulea,f,Native,Native
Dianella revoluta,f,Native,Native
Dichanthium sericeum,f,Native,Native
Dichelachne crinita,f,Native,Native
Dichelachne inaequiglumis,f,Native,Native
Dichelachne micrantha,f,Native,Native
Dichelachne parva,f,Native,Native
Dichelachne rara,f,Native,Native
Dichondra repens,f,Native,Native
Digitaria didactyla,f,Native,Native
Digitaria parviflora,f,Native,Native
Digitaria ramularis,f,Native,Native
Dillwynia parvifolia,f,Native,Native
Dillwynia retorta,f,Native,Native
Dillwynia sericea,f,Native,Native
Dillwynia sieberi,f,Native,Native
Dipodium punctatum,f,Native,Native
Dipodium variegatum,f,Native,Native
Diuris aurea,f,Native,Native
Diuris maculata,f,Native,Native
Diuris sulphurea,f,Native,Native
Dodonaea multijuga,f,Native,Native
Dodonaea triquetra,f,Native,Native
Drosera auriculata,f,Native,Native
Drosera glanduligera,f,Native,Native
Drosera peltata,f,Native,Native
Drosera pygmaea,f,Native,Native
Drosera spatulata,f,Native,Native
Echinopogon caespitosus,f,Native,Native
Echinopogon ovatus,f,Native,Native
Eclipta prostrata,f,Native,Native
Einadia hastata,f,Native,Native
Einadia polygonoides,f,Native,Native
Einadia trigonos,f,Native,Native
Elaeocarpus reticulatus,f,Native,Native
Eleocharis gracilis,f,Native,Native
Eleocharis sphacelata,f,Native,Native
Entolasia marginata,f,Native,Native
Entolasia whiteana,f,Native,Native
Epacris longiflora,f,Native,Native
Epacris microphylla,f,Native,Native
Epacris pulchella,f,Native,Native
Epilobium hirtigerum,f,Native,Native
Eragrostis brownii,f,Native,Native
Eragrostis leptostachya,f,Native,Native
Eragrostis parviflora,f,Native,Native
Eremophila debilis,f,Native,Native
Eriochloa pseudoacrotricha,f,Native,Native
Eriostemon australasius,f,Native,Native
Eucalyptus acmenoides,f,Native,Native
Eucalyptus amplifolia,f,Native,Native
Eucalyptus baueriana,f,Native,Native
Eucalyptus beyeriana,f,Native,Native
Eucalyptus bosistoana,f,Native,Native
Eucalyptus botryoides,f,Native,Native
Eucalyptus capitellata,f,Native,Native
Eucalyptus crebra,f,Native,Native
Eucalyptus eugenioides,f,Native,Native
Eucalyptus fibrosa,f,Native,Native
Eucalyptus globoidea,f,Native,Native
Eucalyptus grandis,f,Native,Native
Eucalyptus longifolia,f,Native,Native
Eucalyptus microcorys,f,Native,Native
Eucalyptus moluccana,f,Native,Native
Eucalyptus paniculata,f,Native,Native
Eucalyptus pilularis,f,Native,Native
Eucalyptus piperita,f,Native,Native
Eucalyptus racemosa,f,Native,Native
Eucalyptus resinifera,f,Native,Native
Eucalyptus robusta,f,Native,Native
Eucalyptus saligna,f,Native,Native
Eucalyptus siderophloia,f,Native,Native
Eucalyptus sideroxylon,f,Native,Native
Eucalyptus tereticornis,f,Native,Native
Eucalyptus umbra,f,Native,Native
Euchiton involucratus,f,Native,Native
Euchiton sphaericus,f,Native,Native
Euphorbia dallachyana,f,Native,Native
Euryomyrtus ramosissima,f,Native,Native
Eustrephus latifolius,f,Native,Native
Exocarpos cupressiformis,f,Native,Native
Exocarpos strictus,f,Native,Native
Ficus macrophylla,f,Native,Native
Ficus rubiginosa,f,Native,Native
Fimbristylis dichotoma,f,Native,Native
Gahnia aspera,f,Native,Native
Gahnia clarkei,f,Native,Native
Gahnia filum,f,Native,Native
Gahnia melanocarpa,f,Native,Native
Gahnia sieberiana,f,Native,Native
Galium gaudichaudii,f,Native,Native
Galium leiocarpum,f,Native,Native
Geitonoplesium cymosum,f,Native,Native
Geranium homeanum,f,Native,Native
Geranium solanderi,f,Native,Native
Gleichenia dicarpa,f,Native,Native
Glossocardia bidens,f,Native,Native
Glossodia major,f,Native,Native
Glossodia minor,f,Native,Native
Glycine microphylla,f,Native,Native
Glycine tabacina,f,Native,Native
Gompholobium glabratum,f,Native,Native
Gompholobium grandiflorum,f,Native,Native
Gonocarpus tetragynus,f,Native,Native
Goodenia bellidifolia,f,Native,Native
Goodenia hederacea,f,Native,Native
Goodenia ovata,f,Native,Native
Goodenia paniculata,f,Native,Native
Gratiola pedunculata,f,Native,Native
Grevillea mucronulata,f,Native,Native
Grevillea robusta,f,Native,Native
Grevillea sericea,f,Native,Native
Grevillea sphacelata,f,Native,Native
Grona varians,f,Native,Native
Guioa semiglauca,f,Native,Native
Haemodorum planifolium,f,Native,Native
Hakea dactyloides,f,Native,Native
Hakea laevipes,f,Native,Native
Hakea salicifolia,f,Native,Native
Hakea sericea,f,Native,Native
Hakea teretifolia,f,Native,Native
Hardenbergia violacea,f,Native,Native
Hemigenia purpurea,f,Native,Native
Hibbertia aspera,f,Native,Native
Hibbertia circumdans,f,Native,Native
Hibbertia dentata,f,Native,Native
Hibbertia diffusa,f,Native,Native
Wahlenbergia multicaulis,f,Native,Native
Hibbertia nitida,f,Native,Native
Hibbertia pedunculata,f,Native,Native
Hibbertia scandens,f,Native,Native
Histiopteris incisa,f,Native,Native
Homalanthus populifolius,f,Native,Native
Hovea linearis,f,Native,Native
Hovea longifolia,f,Native,Native
Hydrocotyle sibthorpioides,f,Native,Native
Hypericum gramineum,f,Native,Native
Hypolepis muelleri,f,Native,Native
Indigofera australis,f,Native,Native
Isolepis cernua,f,Native,Native
Isolepis inundata,f,Native,Native
Isopogon anemonifolius,f,Native,Native
Jacksonia scoparia,f,Native,Native
Juncus continuus,f,Native,Native
Juncus homalocaulis,f,Native,Native
Juncus mollis,f,Native,Native
Juncus pallidus,f,Native,Native
Juncus usitatus,f,Native,Native
Juncus remotiflorus,f,Native,Native
Juncus subsecundus,f,Native,Native
Kennedia rubicunda,f,Native,Native
Kunzea ambigua,f,Native,Native
Kunzea capitata,f,Native,Native
Lachnagrostis filiformis,f,Native,Native
Lagenophora gracilis,f,Native,Native
Lambertia formosa,f,Native,Native
Lasiopetalum ferrugineum,f,Native,Native
Lasiopetalum macrophyllum,f,Native,Native
Lasiopetalum parviflorum,f,Native,Native
Lasiopetalum rufum,f,Native,Native
Laxmannia gracilis,f,Native,Native
Lemna disperma,f,Native,Native
Lepidosperma laterale,f,Native,Native
Lepidosperma gunnii,f,Native,Native
Leptomeria acida,f,Native,Native
Leptospermum arachnoides,f,Native,Native
Leptospermum juniperinum,f,Native,Native
Leptospermum laevigatum,f,Native,Native
Leptospermum parvifolium,f,Native,Native
Leptospermum petersonii,f,Native,Native
Leptospermum polygalifolium,f,Native,Native
Lepyrodia scariosa,f,Native,Native
Leucopogon amplexicaulis,f,Native,Native
Leucopogon ericoides,f,Native,Native
Leucopogon juniperinus,f,Native,Native
Leucopogon microphyllus,f,Native,Native
Leucopogon virgatus,f,Native,Native
Lindsaea microphylla,f,Native,Native
Linum marginale,f,Native,Native
Lissanthe strigosa,f,Native,Native
Lobelia anceps,f,Native,Native
Lobelia andrewsii,f,Native,Native
Lobelia dentata,f,Native,Native
Lobelia purpurascens,f,Native,Native
Logania albiflora,f,Native,Native
Lomandra brevis,f,Native,Native
Lomandra cylindrica,f,Native,Native
Lomandra glauca,f,Native,Native
Lomandra gracilis,f,Native,Native
Lomandra longifolia,f,Native,Native
Lomandra multiflora,f,Native,Native
Lomandra obliqua,f,Native,Native
Lomatia silaifolia,f,Native,Native
Lophostemon confertus,f,Native,Native
Lyperanthus suaveolens,f,Native,Native
Machaerina acuta,f,Native,Native
Machaerina articulata,f,Native,Native
Machaerina juncea,f,Native,Native
Macrozamia communis,f,Native,Native
Macrozamia spiralis,f,Native,Native
Leichhardtia suaveolens,f,Native,Native
Leichhardtia viridiflora,f,Native,Native
Melaleuca decora,f,Native,Native
Melaleuca ericifolia,f,Native,Native
Melaleuca linariifolia,f,Native,Native
Melaleuca nodosa,f,Native,Native
Melaleuca quinquenervia,f,Native,Native
Melaleuca styphelioides,f,Native,Native
Melaleuca thymifolia,f,Native,Native
Melia azedarach,f,Native,Native
Melichrus procumbens,f,Native,Native
Melicope micrococca,f,Native,Native
Mentha diemenica,f,Native,Native
Micrantheum ericoides,f,Native,Native
Microlaena stipoides,f,Native,Native
Microtis unifolia,f,Native,Native
Mirbelia rubiifolia,f,Native,Native
Mitrasacme paludosa,f,Native,Native
Mitrasacme polymorpha,f,Native,Native
Monotoca elliptica,f,Native,Native
Monotoca scoparia,f,Native,Native
Muehlenbeckia gracillima,f,Native,Native
Muellerina celastroides,f,Native,Native
Muellerina eucalyptoides,f,Native,Native
Myoporum acuminatum,f,Native,Native
Myoporum insulare,f,Native,Native
Myrsine howittiana,f,Native,Native
Myrsine variabilis,f,Native,Native
Nephrolepis cordifolia,f,Native,Native
Notelaea longifolia,f,Native,Native
Notelaea ovata,f,Native,Native
Olearia elliptica,f,Native,Native
Olearia microphylla,f,Native,Native
Olearia viscidula,f,Native,Native
Omphacomeria acerba,f,Native,Native
Opercularia aspera,f,Native,Native
Opercularia diphylla,f,Native,Native
Opercularia hispida,f,Native,Native
Opercularia varia,f,Native,Native
Oplismenus hirtellus,f,Native,Native
Orianthera pusilla,f,Native,Native
Oxalis exilis,f,Native,Native
Oxalis perennans,f,Native,Native
Oxytes brachypoda,f,Native,Native
Ozothamnus diosmifolius,f,Native,Native
Pandorea pandorana,f,Native,Native
Panicum effusum,f,Native,Native
Panicum simile,f,Native,Native
Parsonsia lanceolata,f,Native,Native
Parsonsia straminea,f,Native,Native
Paspalidium criniforme,f,Native,Native
Paspalidium distans,f,Native,Native
Paspalum vaginatum,f,Native,Native
Passiflora herbertiana,f,Native,Native
Patersonia glabrata,f,Native,Native
Patersonia sericea,f,Native,Native
Pelargonium inodorum,f,Native,Native
Pellaea falcata,f,Native,Native
Persicaria decipiens,f,Native,Native
Persicaria hydropiper,f,Native,Native
Persicaria lapathifolia,f,Native,Native
Persicaria orientalis,f,Native,Native
Persoonia lanceolata,f,Native,Native
Persoonia levis,f,Native,Native
Persoonia linearis,f,Native,Native
Allocasuarina diminuta,f,Native,Native
Petrophile sessilis,f,Native,Native
Philotheca myoporoides,f,Native,Native
Philydrum lanuginosum,f,Native,Native
Phragmites australis,f,Native,Native
Phyllanthus gunnii,f,Native,Native
Phyllanthus hirtellus,f,Native,Native
Phyllanthus virgatus,f,Native,Native
Phyllota phylicoides,f,Native,Native
Pimelea linifolia,f,Native,Native
Grevillea parviflora,f,Native,Native
Pittosporum revolutum,f,Native,Native
Pittosporum undulatum,f,Native,Native
Plantago debilis,f,Native,Native
Plantago gaudichaudii,f,Native,Native
Platysace ericoides,f,Native,Native
Platysace linearifolia,f,Native,Native
Plectranthus parviflorus,f,Native,Native
Poa affinis,f,Native,Native
Podocarpus spinulosus,f,Native,Native
Podolobium ilicifolium,f,Native,Native
Polygala japonica,f,Native,Native
Polymeria calycina,f,Native,Native
Pomaderris discolor,f,Native,Native
Pomaderris ferruginea,f,Native,Native
Pomaderris intermedia,f,Native,Native
Pomaderris lanigera,f,Native,Native
Pomaderris ligustrina,f,Native,Native
Pomax umbellata,f,Native,Native
Poranthera ericifolia,f,Native,Native
Poranthera microphylla,f,Native,Native
Portulaca oleracea,f,Native,Native
Potamogeton crispus,f,Native,Native
Potamogeton ochreatus,f,Native,Native
Prasophyllum elatum,f,Native,Native
Pseuderanthemum variabile,f,Native,Native
Pseudognaphalium luteoalbum,f,Native,Native
Pteridium esculentum,f,Native,Native
Pteris tremula,f,Native,Native
Pterostylis acuminata,f,Native,Native
Pterostylis concinna,f,Native,Native
Pterostylis grandiflora,f,Native,Native
Pterostylis longifolia,f,Native,Native
Pterostylis mutica,f,Native,Native
Pterostylis nutans,f,Native,Native
Pterostylis obtusa,f,Native,Native
Pterostylis revoluta,f,Native,Native
Pterostylis rufa,f,Native,Native
Pultenaea daphnoides,f,Native,Native
Pultenaea flexilis,f,Native,Native
Pultenaea hispidula,f,Native,Native
Pomaderris prunifolia,f,Native,Native
Pultenaea retusa,f,Native,Native
Pultenaea tuberculata,f,Native,Native
Pultenaea villosa,f,Native,Native
Macadamia tetraphylla,f,Native,Native
Rhytidosporum procumbens,f,Native,Native
Ricinocarpos pinifolius,f,Native,Native
Rorippa laciniata,f,Native,Native
Rubus parvifolius,f,Native,Native
Rumex brownii,f,Native,Native
Rytidosperma bipartitum,f,Native,Native
Rytidosperma caespitosum,f,Native,Native
Rytidosperma fulvum,f,Native,Native
Rytidosperma longifolium,f,Native,Native
Rytidosperma monticola,f,Native,Native
Rytidosperma pallidum,f,Native,Native
Rytidosperma pilosum,f,Native,Native
Rytidosperma racemosum,f,Native,Native
Rytidosperma setaceum,f,Native,Native
Samolus repens,f,Native,Native
Sannantha pluriflora,f,Native,Native
Sarcopetalum harveyanum,f,Native,Native
Scaevola albida,f,Native,Native
Scaevola ramosissima,f,Native,Native
Schizomeria ovata,f,Native,Native
Schoenoplectus subulatus,f,Native,Native
Schoenus apogon,f,Native,Native
Schoenus ericetorum,f,Native,Native
Schoenus melanostachys,f,Native,Native
Schoenus moorei,f,Native,Native
Schoenus nitens,f,Native,Native
Scutellaria humilis,f,Native,Native
Selliera radicans,f,Native,Native
Senecio diaschides,f,Native,Native
Senecio hispidulus,f,Native,Native
Senecio minimus,f,Native,Native
Senecio quadridentatus,f,Native,Native
Smilax australis,f,Exotic,Exotic
Smilax glyciphylla,f,Native,Native
Solanum aviculare,f,Native,Native
Solanum linearifolium,f,Native,Native
Solanum prinophyllum,f,Native,Native
Solanum stelligerum,f,Native,Native
Solenogyne bellioides,f,Native,Native
Sorghum leiocladum,f,Native,Native
Sporobolus creber,f,Native,Native
Sporobolus elongatus,f,Native,Native
Stackhousia viminea,f,Native,Native
Stellaria flaccida,f,Native,Native
Stylidium graminifolium,f,Native,Native
Stylidium lineare,f,Native,Native
Stypandra glauca,f,Native,Native
Suaeda australis,f,Native,Native
Syncarpia glomulifera,f,Native,Native
Telopea speciosissima,f,Native,Native
Tetragonia tetragonoides,f,Native,Native
Tetratheca neglecta,f,Native,Native
Thelionema caespitosum,f,Native,Native
Thelymitra carnea,f,Native,Native
Thelymitra pauciflora,f,Native,Native
Thelymitra peniculata,f,Native,Native
Themeda triandra,f,Native,Native
Thysanotus juncifolius,f,Native,Native
Trachymene incisa,f,Native,Native
Trema tomentosa,f,Native,Native
Tricoryne elatior,f,,Genus Only
Tricoryne simplex,f,Native,Native
Triglochin striata,f,Native,Native
Vincetoxicum barbatum,f,Native,Native
Typha orientalis,f,Native,Native
Urtica incisa,f,Native,Native
Opuntia leoglossa,f,Exotic,Exotic
Rhamnus alaternus,f,Exotic,Exotic
Dillwynia floribunda,f,Native,Native
Melaleuca diosmatifolia,f,Native,Native
Avicennia marina,f,Native,Native
Convolvulus farinosus,f,Exotic,Exotic
Lolium arundinaceum,f,Exotic,Exotic
Gladiolus carneus,f,Exotic,Exotic
Sonchus asper,f,Exotic,Exotic
Pterostylis saxicola,f,Native,Native
Syzygium paniculatum,f,Native,Native
Portulaca grandiflora,f,Native,Native
Oxalis debilis,f,Exotic,Exotic
Nymphaea mexicana,f,Exotic,Exotic
Linum usitatissimum,f,Native,Native
Tillandsia usneoides,f,Exotic,Exotic
Aloe arborescens,f,Exotic,Exotic
Acacia filicifolia,f,Native,Native
Senna pendula,f,Exotic,Exotic
Corunastylis filiformis,f,Native,Native
Euphorbia tirucalli,f,Exotic,Exotic
Agave attenuata,f,Exotic,Exotic
Nothoscordum gracile,f,Exotic,Exotic
Triticum aestivum,f,Native,Native
Opuntia monacantha,f,Exotic,Exotic
Dockrillia linguiformis,f,Native,Native
Prunus armeniaca,f,Exotic,Exotic
Ludwigia peploides,f,Native,Native
Euphorbia serpens,f,Exotic,Exotic
Euphorbia prostrata,f,Exotic,Exotic
Billardiera mutabilis,f,Native,Native
Paraserianthes lophantha,f,Exotic,Exotic
Bryophyllum pinnatum,f,Exotic,Exotic
Leucopogon affinis,f,Native,Native
Acalypha australis,f,Exotic,Exotic
Westringia eremicola,f,Native,Native
Opuntia ficus-indica,f,Exotic,Exotic
Crassocephalum crepidioides,f,Exotic,Exotic
Tragopogon porrifolius,f,Exotic,Exotic
Urospermum picroides,f,Exotic,Exotic
Mirabilis jalapa,f,Exotic,Exotic
Plantago major,f,Native,Native
Crassula multicava,f,Exotic,Exotic
Colocasia esculenta,f,Exotic,Exotic
Correa alba,f,Native,Native
Alstroemeria psittacina,f,Exotic,Exotic
Coleonema pulchellum,f,Exotic,Exotic
Rumex hypogaeus,f,Exotic,Exotic
Erechtites valerianifolius,f,Exotic,Exotic
Viburnum odoratissimum,f,Exotic,Exotic
Conium maculatum,f,Exotic,Exotic
Stenanthera pinifolia,f,Native,Native
Cosmos sulphureus,f,Exotic,Exotic
Acacia irrorata,f,Native,Native
Solanum lycopersicum,f,Exotic,Exotic
Rostraria cristata,f,Exotic,Exotic
Afrohybanthus stellarioides,f,Native,Native
Drosera binata,f,Native,Native
Dolichandra unguis-cati,f,Exotic,Exotic
Justicia carnea,f,Exotic,Exotic
Euphorbia maculata,f,Exotic,Exotic
Auranticarpa rhombifolia,f,Native,Native
Schinus molle,f,Exotic,Exotic
Papaver somniferum,f,Exotic,Exotic
Avicennia marina subsp. australasica,f,Native,Native
Sphagneticola trilobata,f,Exotic,Exotic
Casuarina cunninghamiana,f,Native,Native
Hypoestes aristata,f,Exotic,Exotic
Freesia leichtlinii,f,Exotic,Exotic
Fumaria muralis,f,Exotic,Exotic
Avena barbata,f,Exotic,Exotic
Freesia laxa,f,Exotic,Exotic
Abutilon grandifolium,f,Exotic,Exotic
Styphelia laeta subsp. laeta,f,Native,Native
Zantedeschia aethiopica,f,Exotic,Exotic
Pyracantha crenulata,f,Native,Native
Liriope muscari,f,Native,Native
Plectranthus intraterraneus,f,Native,Native
Eucalyptus polyanthemos,f,Native,Native
Polypogon viridis,f,Exotic,Exotic
Corunastylis fimbriata,f,Native,Native
Triadica sebifera,f,Exotic,Exotic
Lobularia maritima,f,Exotic,Exotic
Banksia robur,f,Native,Native
Gomphocarpus physocarpus,f,Exotic,Exotic
Salvia hispanica,f,Exotic,Exotic
Romulea rosea,f,Exotic,Exotic
Convolvulus angustissimus,f,Native,Native
Juncus kraussii,f,Native,Native
Epilobium ciliatum,f,Exotic,Exotic
Murraya koenigii,f,Exotic,Exotic
Fumaria capreolata,f,Exotic,Exotic
Acacia dealbata,f,Native,Native
Senna didymobotrya,f,Exotic,Exotic
Persea americana,f,Exotic,Exotic
Holcus lanatus,f,Exotic,Exotic
Thaumatophyllum bipinnatifidum,f,Native,Native
Piper sarmentosum,f,Exotic,Exotic
Sagina apetala,f,Exotic,Exotic
Typha latifolia,f,Exotic,Exotic
Salicornia quinqueflora,f,Native,Native
Petroselinum crispum,f,Native,Native
Erigeron canadensis,f,Exotic,Exotic
Youngia japonica,f,Native,Native
Manihot grahamii,f,Exotic,Exotic
Syngonium podophyllum,f,Exotic,Exotic
Melilotus albus,f,Exotic,Exotic
Senecio angulatus,f,Exotic,Exotic
Cucurbita moschata,f,Exotic,Exotic
Corunastylis rufa,f,Native,Native
Euphorbia hyssopifolia,f,Exotic,Exotic
Tritonia gladiolaris,f,Exotic,Exotic
Medicago lupulina,f,Exotic,Exotic
Xyris complanata,f,Native,Native
Lysimachia loeflingii,f,Exotic,Exotic
Epidendrum radicans,f,Native,Native
Begonia cucullata,f,Exotic,Exotic
Dactyloctenium aegyptium,f,Exotic,Exotic
Heliotropium amplexicaule,f,Exotic,Exotic
Fraxinus griffithii,f,Exotic,Exotic
Grevillea rosmarinifolia,f,Native,Native
Gladiolus dalenii,f,Exotic,Exotic
Physalis angulata,f,Exotic,Exotic
Populus deltoides,f,Exotic,Exotic
Cryptostylis subulata,f,Native,Native
Acacia longissima,f,Native,Native
Cymbalaria muralis,f,Exotic,Exotic
Leontodon rhagadioloides,f,Exotic,Exotic
Narcissus tazetta,f,Exotic,Exotic
Goodenia hederacea subsp. hederacea,f,Native,Native
Calystegia silvatica,f,Exotic,Exotic
Anethum graveolens,f,Exotic,Exotic
Paspalum notatum,f,Exotic,Exotic
Antigonon leptopus,f,Exotic,Exotic
Solidago altissima,f,Exotic,Exotic
Notelaea venosa,f,Native,Native
Acacia iteaphylla,f,Native,Native
Pilea microphylla,f,Exotic,Exotic
Rothmannia globosa,f,Exotic,Exotic
Gamochaeta americana,f,Exotic,Exotic
Centaurea cyanus,f,Exotic,Exotic
Vincetoxicum woollsii,f,Native,Native
Callistemon pallidus,f,Native,Native
Dracaena fragrans,f,Exotic,Exotic
Allium triquetrum,f,Exotic,Exotic
Papaver dubium,f,Exotic,Exotic
Cereus hildmannianus,f,Exotic,Exotic
Desmodium rhytidophyllum,f,Native,Native
Ruellia squarrosa,f,Exotic,Exotic
Oenothera mollissima,f,Exotic,Exotic
Lactuca sativa,f,Exotic,Exotic
Diuris punctata,f,Native,Native
Artemisia verlotiorum,f,Exotic,Exotic
Geranium molle,f,Exotic,Exotic
Sorghum bicolor,f,Exotic,Exotic
Rubus laudatus,f,Native,Native
Hibiscus mutabilis,f,Exotic,Exotic
Aeonium arboreum,f,Exotic,Exotic
Ipheion uniflorum,f,Exotic,Exotic
Cotoneaster coriaceus,f,Exotic,Exotic
Vittadinia gracilis,f,Native,Native
Helichrysum petiolare,f,Exotic,Exotic
Cyperus congestus,f,Exotic,Exotic
Styphelia laeta,f,Native,Native
Thunbergia grandiflora,f,Exotic,Exotic
Campsis radicans,f,Exotic,Exotic
Sisymbrium irio,f,Exotic,Exotic
Euphorbia ophthalmica,f,Exotic,Exotic
Plantago myosuros,f,Exotic,Exotic
Hippeastrum zephyranthum,f,Exotic,Exotic
Rogiera amoena,f,Exotic,Exotic
Euphorbia oblongata,f,Exotic,Exotic
Coronidium elatum,f,Native,Native
Trachelospermum jasminoides,f,Exotic,Exotic
Lamium amplexicaule,f,Exotic,Exotic
Digitaria aequiglumis,f,Exotic,Exotic
Einadia nutans subsp. nutans,f,Native,Native
Austrostipa rudis subsp. nervosa,f,Native,Native
Persoonia laurina subsp. intermedia,f,Native,Native
Wahlenbergia littoricola,f,Native,Native
Lomandra multiflora subsp. multiflora,f,Native,Native
Eucalyptus robusta x Eucalyptus tereticornis,f,Native,Native
Almaleea paludosa,f,Native,Native
Teucrium argutum,f,Native,Native
Cymbidium canaliculatum,f,Native,Native
Pyrus communis,f,Exotic,Exotic
Ipomoea carnea,f,Native,Native
Limnobium laevigatum,f,Exotic,Exotic
Leucopogon attenuatus,f,Native,Native
Solanum betaceum,f,Exotic,Exotic
Cyperus tetraphyllus,f,Native,Native
Juncus polyanthemus,f,Native,Native
Nicandra physalodes,f,Exotic,Exotic
Euphorbia lathyris,f,Exotic,Exotic
Anthosachne kingiana subsp. multiflora,f,Native,Native
Basella alba,f,Exotic,Exotic
Euphorbia milii,f,Exotic,Exotic
Nymphoides montana,f,Native,Native
Leontodon saxatilis,f,Native,Native
Caladenia capillata,f,Native,Native
Schoenoplectiella erecta,f,Exotic,Exotic
Schoenoplectus tabernaemontani,f,Native,Native
Cardamine occulta,f,Exotic,Exotic
Poa labillardierei,f,Native,Native
Passiflora foetida,f,Exotic,Exotic
Rumex vesicarius,f,Exotic,Exotic
Juncus capillaceus,f,Exotic,Exotic
Cassytha phaeolasia,f,Native,Native
Hedera hibernica,f,Exotic,Exotic
Darwinia fascicularis,f,Native,Native
Lepidosperma concavum,f,Native,Native
Amaranthus powellii,f,Native,Native
Acacia burkittii,f,Native,Native
Austrostipa elegantissima,f,Native,Native
Philotheca obovalis,f,Native,Native
Litsea leefeana,f,Native,Native
Polyosma rigidiuscula,f,Native,Native
Eriochilus petricola,f,Native,Native
Ptilotus seminudus,f,Native,Native
Austrostipa rudis subsp. rudis,f,Native,Native
Rhinerrhiza divitiflora,f,Native,Native
Dendrobium kingianum,f,Native,Native
Eucalyptus parramattensis,f,Native,Native
Leptospermum scoparium,f,Native,Native
Syzygium smithii,f,Native,Native
Utricularia subulata,f,Native,Native
Coprosma repens,f,Exotic,Exotic
Prunus laurocerasus,f,Exotic,Exotic
Aloe maculata,f,Exotic,Exotic
Ageratum houstonianum,f,Exotic,Exotic
Prunus cerasifera,f,Exotic,Exotic
Lablab purpureus,f,Exotic,Exotic
Vicia faba,f,Exotic,Exotic
Euryops chrysanthemoides,f,Exotic,Exotic
Dimorphotheca pluvialis,f,Exotic,Exotic
Spinifex sericeus,f,Native,Native
Callistemon comboynensis,f,Native,Native
Grastidium baileyi,f,Native,Native
Hakea laurina,f,Native,Native
Eucalyptus chlorophylla,f,Native,Native
Geranium brevicaule,f,Native,Native
Amphibromus neesii,f,Native,Native
Hordeum glaucum,f,Exotic,Exotic
Cassinia denticulata,f,Native,Native
Hordeum hystrix,f,Exotic,Exotic
Petrophile canescens,f,Native,Native
Philotheca trachyphylla,f,Native,Native
Hakea eriantha,f,Native,Native
Digitaria velutina,f,Exotic,Exotic
Sparganium subglobosum,f,Native,Native
Amaranthus macrocarpus,f,Native,Native
Callistemon pachyphyllus,f,Native,Native
Pterostylis ampliata,f,Native,Native
Enteropogon acicularis,f,Native,Native
Conospermum taxifolium,f,Native,Native
Notothixos subaureus,f,Native,Native
Solanum pungetium,f,Native,Native
Melaleuca deanei,f,Native,Native
Pterostylis chaetophora,f,Native,Native
Correa baeuerlenii,f,Native,Native
Broussonetia papyrifera,f,Exotic,Exotic
Asparagus densiflorus,f,Exotic,Exotic
Pontederia crassipes,f,Exotic,Exotic
Austrocylindropuntia subulata,f,Exotic,Exotic
Opuntia microdasys,f,Exotic,Exotic
Opuntia rufida,f,Exotic,Exotic
Paederia foetida,f,Exotic,Exotic
Asparagus macowanii,f,Exotic,Exotic
Gloriosa superba,f,Exotic,Exotic
Hydrocleys nymphoides,f,Exotic,Exotic
Salix nigra,f,Exotic,Exotic
Pistia stratiotes,f,Exotic,Exotic
Opuntia schickendantzii,f,Exotic,Exotic
Hypoestes phyllostachya,f,Exotic,Exotic
Ligustrum vulgare,f,Exotic,Exotic
Opuntia dillenii,f,Exotic,Exotic
Salix cinerea,f,Exotic,Exotic
Austrocylindropuntia cylindrica,f,Exotic,Exotic
Egeria densa,f,Exotic,Exotic
Spartium junceum,f,Exotic,Exotic
Cytisus scoparius,f,Exotic,Exotic
Carduus nutans,f,Native,Native
Phaseolus vulgaris,t,Exotic,Exotic
Pennantia cunninghamii,f,Native,Native
Grevillea lanigera,f,Native,Native
Grevillea biternata,f,Native,Native
Lechenaultia biloba,f,Native,Native
Cordyline petiolaris,f,Native,Native
Eupomatia bennettii,f,Native,Native
Seringia hillii,f,Native,Native
Melaleuca decussata,f,Native,Native
Acacia boormanii,f,Native,Native
Dracophyllum secundum,f,Native,Native
Grevillea stenomera,f,Native,Native
Prostanthera teretifolia,f,Native,Native
Banksia undata,f,Native,Native
Guichenotia macrantha,f,Native,Native
Adenanthos sericeus,f,Native,Native
Grevillea victoriae,f,Native,Native
Acacia pravissima,f,Native,Native
Calothamnus pinifolius,f,Native,Native
Grevillea petrophiloides,f,Native,Native
Banksia plagiocarpa,f,Native,Native
Elattostachys xylocarpa,f,Native,Native
Hernandia bivalvis,f,Native,Native
Melastoma affine,f,Native,Native
Alyogyne huegelii,f,Native,Native
Phebalium whitei,f,Native,Native
Acacia vestita,f,Native,Native
Linospadix monostachyos,f,Native,Native
Prostanthera scutellarioides,f,Native,Native
Spyridium parvifolium,f,Native,Native
Grevillea tenuiloba,f,Native,Native
Banksia coccinea,f,Native,Native
Lysiosepalum involucratum,f,Native,Native
Melaleuca leucadendra,f,Native,Native
Austromyrtus dulcis,f,Native,Native
Austromyrtus tenuifolia,f,Native,Native
Hibbertia acicularis,f,Native,Native
Chamelaucium uncinatum,f,Native,Native
Anigozanthos flavidus,f,Native,Native
Chorilaena quercifolia,f,Native,Native
Rhododendron lochiae,f,Native,Native
Commersonia hermanniifolia,f,Native,Native
Rubus moluccanus,f,Native,Native
Melaleuca squarrosa,f,Native,Native
Commersonia salviifolia,f,Native,Native
Chorizema cordatum,f,Native,Native
Orthrosanthus multiflorus,f,Native,Native
Micromyrtus ciliata,f,Native,Native
Synoum glandulosum,f,Native,Native
Harpullia pendula,f,Native,Native
Psychotria loniceroides,f,Native,Native
Spyridium scortechinii,f,Native,Native
Pseudanthus pimeleoides,f,Native,Native
Grevillea insignis,f,Native,Native
Hibbertia vestita,f,Native,Native
Westringia brevifolia,f,Native,Native
Potentilla indica,f,Exotic,Exotic
Blandfordia grandiflora,f,Native,Native
Leptospermum polygalifolium subsp. polygalifolium,f,Native,Native
Lomandra filiformis subsp. filiformis,f,Native,Native
Vittadinia spp.,f,Native,Genus Only
Wurmbea dioica subsp. dioica,f,Native,Native
Arundo donax,t,Exotic,Exotic
Convolvulus arvensis,f,Native,Native
Ficus pumila,f,Exotic,Exotic
Tulbaghia violacea,f,Exotic,Exotic
Dimorphotheca fruticosa,f,Exotic,Exotic
Daviesia ulicifolia subsp. ulicifolia,f,Native,Native
Acca sellowiana,f,Exotic,Exotic
Caladenia tessellata,f,Native,Native
Freesia leichtlinii subsp. leichtlinii x Freesia leichtlinii subsp. alba,f,Exotic,Exotic
Melaleuca bracteata,f,Native,Native
Rumex acetosella,f,Exotic,Exotic
Lagenophora stipitata,f,Native,Native
Eragrostis laniflora,f,Native,Native
Onopordum acanthium,f,Exotic,Exotic
Neoregelia carolinae,f,Exotic,Exotic
Plumeria rubra,f,Exotic,Exotic
Leichhardtia viridiflora subsp. viridiflora,f,Native,Native
Leichhardtia rostrata,f,Native,Native
Ipomoea batatas,f,Exotic,Exotic
Brachyscome triloba,f,Native,Native
Persicaria chinensis,f,Exotic,Exotic
Wahlenbergia ceracea,f,Native,Native
Eucalyptus major,f,Native,Native
Capparis mitchellii,f,Native,Native
Leptinella longipes,f,Native,Native
Alectryon tomentosus,f,Native,Native
Mesembryanthemum cordifolium,f,Exotic,Exotic
Eucalyptus macrorhyncha,f,Native,Native
Cassinia ochracea,f,Native,Native
Juncus vaginatus,f,Native,Native
Dietes robinsoniana,f,Exotic,Exotic
Eucalyptus canaliculata,f,Native,Native
Notelaea johnsonii,f,Native,Native
Hibiscus brachysiphonius,f,Native,Native
Saccharum officinarum,f,Native,Native
Wahlenbergia stricta subsp. stricta,f,Native,Native
Abutilon theophrasti,f,Exotic,Exotic
Dizygotheca elegantissima,f,Exotic,Exotic
Heptapleurum arboricola,f,Exotic,Exotic
Plumbago zeylanica,f,Native,Native
Cissus alata,f,Exotic,Exotic
Russelia equisetiformis,f,Exotic,Exotic
Asterolasia correifolia,f,Native,Native
Anisomeles moschata,f,Native,Native
Chloris barbata,f,Exotic,Exotic
Abutilon spp.,f,Native,Genus Only
Acacia melanoxylon,f,Native,Native
Acacia ramulosa,f,Native,Native
Acianthus sp.,f,Native,Native
Adiantum spp.,f,Native,Genus Only
Agapanthus africanus,f,Exotic,Exotic
Agapanthus sp.,f,Exotic,Exotic
Agave sp.,f,Exotic,Exotic
Agrostis billardieri,f,Native,Native
Agrostis sp.,f,Native,Native
Albizia lopantha,f,Native,Native
Alisma spp.,f,Native,Genus Only
Alocasia macrorrhizos,f,Native,Native
Alocasia spp.,f,Native,Genus Only
Aloe sp.,f,Exotic,Exotic
Alopecurus pratensis,f,Exotic,Exotic
Amaranthus spp.,f,Native,Genus Only
Amarathus retroflexus,f,,Genus Only
Amyema spp.,f,Native,Genus Only
Anigozanthos sp.,f,Native,Genus Only
Apium leptophyllus,f,Exotic,Exotic
Archontophoenix spp.,f,Native,Genus Only
Aristida spp.,f,Native,Genus Only
Arthropodium sp.,f,Native,Native
Arthropodium sp. b,f,Native,Native
Asparagus sp. ,f,Exotic,Exotic
Aspidistra elatior.,f,,Genus Only
Asteraceae spp.,f,Native,Genus Only
Atriplex sp.,f,Native,Native
Austrodanthonia spp.,f,Native,Genus Only
Austrostipa bigeniculata,f,Native,Native
Austrostipa rudis ssp. nervosa,f,Native,Native
Austrostipa rudis ssp. rudis,f,Native,Native
Austrostipa scaber ssp. falcata,f,Native,Genus Only
Austrostipa spp.,f,Native,Genus Only
Avicennia marina var australasica,f,Native,Native
Bambusa sp.,f,Exotic,Exotic
Banksia juncea,f,Native,Native
Baumea articulata,f,Native,Native
Blechnum sp.,f,Native,Native
Bossiaea sp.,f,Native,Native
Bossiaea stephensonii,f,Native,Native
Bothriochloa spp.,f,Native,Native
Bougainvillea sp.,f,Exotic,Exotic
Brachychiton australis,f,Native,Native
Brachysema lanceolata,f,Native,Native
Brassica sp.,f,Exotic,Exotic
Briza major,f,Exotic,Exotic
Bromeliad sp.,f,Exotic,Exotic
Buckinghamia celsissima,f,Native,Native
Caesia parviflora var vittata,f,Native,Native
Caesia parviflora var. vittata,f,Native,Native
Caesia sp.,f,Native,Genus Only
Caladenia paludosus,f,Native,Native
Callitris spp.,f,Native,Genus Only
Cassine australis,f,Native,Native
Facelis retusa,t,Exotic,Exotic
Cassine spp.,f,Native,Genus Only
Cassinia sp.,f,Native,Native
Cassytha spp.,f,Native,Genus Only
Casuarina cuneifolia,f,Native,Native
Caustis recurvata,f,Native,Native
Centaurium minus,f,Exotic,Exotic
Cerastium holosteoides,f,Exotic,Exotic
Cerastium holosteoidesn,f,Exotic,Exotic
Chamaesyce drummondii,f,Native,Native
Chamaesyce sp.,f,Native,Genus Only
Cheilanthes austrotenuifolia,f,Native,Native
Cheilanthes sieberi subsp. sieberi,f,Native,Native
Cheilanthes sp.,f,Native,Genus Only
Cheilanthes tenuifolia,f,Native,Native
Chenopodium spp.,f,Native,Genus Only
Chloris spp.,f,Exotic,Exotic
Chondrilla juncea,f,Exotic,Exotic
Choretrum candollei,f,Native,Native
Clivea sp.,f,Exotic,Genus Only
Cocos spp.,f,Exotic,Exotic
Commersonia fraseri,f,Native,Native
Conza albida,f,Exotic,Exotic
Cotula leptinella,f,Native,Native
Crassula sp. tetramera,f,Native,Native
Crataegus spp.,f,Exotic,Genus Only
Crinum spp.,f,Native,Genus Only
Culcita dubia,f,Native,Native
Cuscuta australis,f,Native,Native
Cymbopogon spp.,f,Native,Genus Only
Cyperus papyrus,f,Exotic,Exotic
Danthonia sp.,f,Native,Native
Dendrophthoe spp.,f,Native,Genus Only
Desmodium eugenioides,f,Native,Native
Desmodium spp.,f,Native,Genus Only
Dianella caerulea var. producta,f,Native,Native
Dianella longifolia var. longifolia,f,Native,Native
Dichanthium parva,f,Native,Native
Dichanthium repens,f,Native,Native
Dichanthium sp.,f,Native,Genus Only
Dichelachne sp.,f,Native,Genus Only
Dichondra sp. a,f,Native,Native
Dillwynia juniperina,f,Native,Native
Dimorphotheca sp.,f,Exotic,Genus Only
Diospyros kaki,f,Exotic,Exotic
Drosera spp.,f,Native,Genus Only
Echinopogon caespitosus var. caespitosus,f,Native,Native
Echinopogon spp.,f,Native,Genus Only
Eichhornia piperita,f,Exotic,Exotic
Eilobium billardierianum ssp. cinereum,f,Native,Native
Einadia nutans spp. linifolia,f,Native,Native
Elaeocarpus grandis,f,Native,Native
Eleocharis parvula,f,Exotic,Exotic
Entolasia spp.,f,Native,Genus Only
Epacris purpurascens var. purpurascens,f,Native,Native
Epidendrum ibaguense,f,Exotic,Exotic
Epilobium billardierianum ssp. cinereum,f,Native,Native
Eragrostis sp.,f,Exotic,Exotic
Erigeron sp.,f,Native,Native
Eriostemon scaber ssp. scaber,f,Native,Native
Erythrina hybrida,f,Exotic,Exotic
Erythrina indica,f,Exotic,Exotic
Erythrina sp.,f,Exotic,Exotic
Eucalyptus beyeri,f,Native,Native
Eucalyptus dives,f,Native,Native
Eucalyptus eugenoides,f,Native,Native
Eucalyptus latifolius,f,Native,Native
Eucalyptus spp.,f,Native,Genus Only
Vulpia sp.,f,Exotic,Exotic
Eucalyptus triflora,f,Native,Native
Euodia melicope,f,Native,Native
Euphorbia sp.,f,Exotic,Exotic
Ficus elastica,f,Exotic,Exotic
Ficus hilii,f,Native,Native
Ficus spp.,f,Native,Genus Only
Freesia refracta,f,Exotic,Exotic
Freesia sp.,f,Exotic,Exotic
Funaria spp.,f,Exotic,Genus Only
Gahnia spp.,f,Native,Genus Only
Galactia sp.,f,Native,Genus Only
Gamochaeta americanum,f,Exotic,Exotic
Gazania hybrid,f,Exotic,Exotic
Gazania sp.,f,Exotic,Exotic
Geranium sp.,f,Native,Native
Ghazania hybrid,f,Exotic,Exotic
Gleichenia spp.,f,Native,Genus Only
Glochidion ferdinandi var. ferdinandi,f,Native,Native
Glycine sp.,f,Native,Native
Gnaphalium sp.,f,Exotic,Exotic
Gnapthalium sp.,f,Exotic,Exotic
Gomphocarpus sp.,f,Exotic,Genus Only
Gompholobium virgatum,f,Native,Native
Gonocarpus tenuifolia,f,Native,Native
Goodenia hederacea ssp. hederacea,f,Native,Native
Goodenia sp.,f,Native,Native
Grevillea sp.,f,Native,Native
Helichrysum brachycarpum,f,Exotic,Exotic
Hibbertia empetrifolia,f,Native,Native
Hibbertia sp.,f,Native,Native
Hibiscus heterophyllus,f,Native,Native
Hibiscus spp.,f,Native,Genus Only
Hovea lanceolata,f,Native,Native
Hydrocotyle sp.,f,Native,Native
Hypericum spp.,f,Native,Genus Only
Hypochoeris microcephala var. albiflora,f,Exotic,Exotic
Impatiens sp.,f,Exotic,Genus Only
Jacksonia sp.,f,Native,Native
Juncus acutus,f,Exotic,Exotic
Juncus articulatus,f,Exotic,Exotic
Juncus cognatus,f,Exotic,Exotic
Juncus sp.,f,Native,Native
Juncus sp. a,f,Native,Native
Kniphofia uvaria,f,Exotic,Exotic
Lasiopetalum ferrugineum var. ferrigineum,f,Native,Native
Lasiopetalum ferrugineum var. ferrugineum,f,Native,Native
Lepidium campestre,f,Exotic,Exotic
Lepidium sp.,f,Native,Native
Lepidosperma sp.,f,Native,Genus Only
Leptomeria laterale,f,Native,Native
Leptomeria sp.,f,Native,Genus Only
Leptospermum spp.,f,Native,Genus Only
Lepyrodia sp.,f,Native,Native
Lolium sp.,f,Exotic,Genus Only
Lolium vulgare,f,Exotic,Exotic
Lomandra confertifolia ssp. rubiginosa,f,Native,Native
Lomandra filiformis ssp. coriacea,f,Native,Native
Lomandra filiformis ssp. filiformis,f,Native,Native
Lomandra sp.,f,Native,Native
Lotus australis,f,Native,Native
Lotus spp.,f,Native,Genus Only
Lupinus sp.,f,Exotic,Genus Only
Lycopodium cernuum,f,Native,Native
Lythrum hyssopiphyllum,f,Native,Native
Macadamia spp.,f,Native,Genus Only
Macrozamia sp.,f,Native,Genus Only
Malus sp.,f,Exotic,Genus Only
Medicago ericifolia,f,Exotic,Exotic
Medicago sp.,f,Exotic,Genus Only
Microlaena sp.,f,Native,Genus Only
Microlaena stipoides var. stipoides,f,Native,Native
Microtis sp.,f,Native,Genus Only
Mimulus moschatus,f,Exotic,Exotic
Mimulus repens,f,Native,Native
Musa sp.,f,Exotic,Genus Only
Myriophyllum asparagoides,f,Exotic,Exotic
Notelaea sp.,f,Native,Genus Only
Notelaea spp.,f,Native,Genus Only
Nymphoides spp.,f,Native,Genus Only
Olea africana ssp. africana,f,Exotic,Exotic
Omalanthus nutans,f,Exotic,Exotic
Onopordum sp.,f,Exotic,Genus Only
Opercularia pandorana,f,Native,Native
Opercularia sp.,f,Native,Genus Only
Ophioglossum lusitanicum ssp. coriaceum,f,Native,Native
Oplismenus imbecilis,f,Native,Native
Opuntia sp.,f,Exotic,Exotic
Opuntia ssp.,f,Exotic,Exotic
Ottelia ovalifolia,f,Native,Native
Oxalis incarnata,f,Exotic,Exotic
Palmeria spp.,f,Native,Genus Only
Pandorea pandorana spp. pandorana,f,Native,Native
Panicum gilvum,f,Exotic,Exotic
Panicum sp.,f,Native,Genus Only
Pararchidendron pruinosum,f,Native,Native
Parentucellia latifolia,f,Exotic,Exotic
Parrentucellia plebeia,f,Exotic,Exotic
Paspalidium sp.,f,Native,Genus Only
Paspalum paspalodes,f,Native,Native
Passiflora mollissima,f,Exotic,Exotic
Persicaria spp.,f,Native,Genus Only
Persoonia laurina,f,Native,Native
Petrorhagia sp.,f,Exotic,Genus Only
Phormium tena,f,Native,Native
Phragmites spp.,f,Native,Genus Only
Phyllanthus pimelioides,f,Exotic,Exotic
Robinia pseudoacacia,t,Exotic,Exotic
Pittosporum labillardieri,f,Native,Native
Platysace sp.,f,Native,Genus Only
Plectranthus sp.,f,Native,Genus Only
Plumbago spp.,f,Exotic,Exotic
Poa spp.,f,Native,Genus Only
Pollia crispata,f,Native,Native
Pollia japonica,f,Exotic,Exotic
Cyperus reflexus,t,Exotic,Exotic
Polycarpon sambucifolia,f,Exotic,Exotic
Polygonum spp.,f,Native,Genus Only
Polypogon sp.,f,Exotic,Genus Only
Pomaderris sp.,f,Native,Native
Populus sp.,f,Exotic,Genus Only
Poranthera spp.,f,Native,Genus Only
Potamogeton pectinatus,f,Native,Native
Potamogeton tricarinatus,f,Native,Native
Protasparagus plumoides,f,Native,Native
Pseuderanthemum luteoalbum,f,Native,Native
Pterostylis spp.,f,Native,Genus Only
Ptilanthelium deustum,f,Native,Native
Pultenaea sp.,f,Native,Native
Pyracantha fortuneana,f,Exotic,Exotic
Pyrrosia spp.,f,Native,Genus Only
Quercus palustris,f,Exotic,Exotic
Quercus sp.,f,Exotic,Genus Only
Ranunculus sp.,f,Exotic,Exotic
Rubus fructicosis,f,Exotic,Exotic
Rubus fructicosus,f,Exotic,Exotic
Rubus rosifolius,f,Native,Native
Rubus sp.,f,Native,Native
Rubus vulgaris,f,Exotic,Exotic
Rumex spp.,f,Exotic,Exotic
Sansevieria trifasciata,f,Exotic,Exotic
Scefflera actinophylla,f,Native,Native
Schinus acreira,f,Exotic,Exotic
Schoenoplectus litoralis,f,Native,Native
Schoenoplectus mucronatus,f,Native,Native
Schoenoplectus spp.,f,Native,Genus Only
Schoenus validus,f,Native,Native
Scirpus spp.,f,Native,Genus Only
Sedum acre,f,Exotic,Exotic
Senecio sp.,f,Native,Native
Senna cotuloides,f,Native,Native
Senna spp.,f,Native,Genus Only
Sertaria geniculata,f,Exotic,Exotic
Setaria spp.,f,Exotic,Exotic
Solanum brownii,f,Native,Native
Solanum campanulatum,f,Native,Native
Solanum sp.,f,Native,Native
Solanum vescum,f,Native,Native
Solidago canadensis,f,Exotic,Exotic
Soliva anthemifolia,f,Exotic,Exotic
Sporobolus pyramidalis,f,Exotic,Exotic
Stephania spp.,f,Native,Genus Only
Syzygium luehmannii,f,Native,Native
Taraxum officinale,f,Exotic,Exotic
Teline monospessulana,f,Native,Native
Thelymitra sp.,f,Native,Native
Thysanotus spp.,f,Native,Genus Only
Tradescantia majus,f,Exotic,Exotic
Tradescantia sp.,f,Exotic,Exotic
Trema tomentosa var. aspera,f,Native,Native
Trifolium sp.,f,Native,Genus Only
Triglochin microtuberosa,f,Native,Native
Typha spp.,f,Native,Genus Only
Typhonium sp.,f,Native,Genus Only
Verbena spp.,f,Exotic,Exotic
Vernonia sp.,f,Native,Genus Only
Veronica calycina,f,Native,Native
Wahlenbergia sp.,f,Native,Native
Watsonia angusta-bulbifera,f,Exotic,Exotic
Watsonia angusta-bulbiferum,f,Exotic,Exotic
Watsonia bulbifera,f,Exotic,Exotic
Watsonia sp.,f,Exotic,Exotic
Wurmbea piperita,f,Native,Native
Xanthoraceae sp.,f,Native,Genus Only
Xanthorrhoea latifolia,f,Native,Native
Xanthorrhoea sp.,f,Native,Genus Only
Yucca spp.,f,Exotic,Exotic
Zieria laevigata,f,Native,Native
Philotheca buxifolia,f,Native,Native
Boronia anemonifolia,f,Native,Native
Urochloa panicoides,f,Exotic,Exotic
logania albiflora,f,Native,Native
Eragrostis mexicana,f,Exotic,Exotic
Daviesia ulicifolia subsp. stenophylla,f,Native,Native
Verbena brasiliensis,f,Exotic,Exotic
Darwinia taxifolia,f,Native,Native
Schoenus lepidosperma,f,Native,Native
Grevillea diffusa,f,Native,Native
Vittadinia cuneata var. cuneata,f,Native,Native
Dendrobium delicatum,f,Native,Native
Lauraceae,f,Native,Genus Only
Apium prostratum var. prostratum,f,Native,Native
Cycnogeton microtuberosum,f,Native,Native
Taraxacum,f,Exotic,Genus Only
Rhytidosporum spp.,f,Native,Genus Only
Oxalis Pilbara,f,Native,Native
Philotheca difformis,f,Native,Native
Commelina diffusa,f,Exotic,Exotic
Eucalyptus alligatrix,f,Native,Native
Diplachne fusca,f,Native,Native
Podranea ricasoliana,f,Exotic,Exotic
Fraxinus angustifolia,f,Exotic,Exotic
Crocosmia crocosmiiflora,f,Exotic,Exotic
Lomandra micrantha,f,Native,Native
Boronia barkeriana,f,Native,Native
Bougainvillea glabra,f,Exotic,Exotic
Poa sieberiana var. sieberiana,f,Native,Native
Commersonia rugosa,f,Native,Native
Rytidosperma racemosum var. racemosum,f,Native,Native
Epilobium billardiereanum,f,Native,Native
Sarcochilus falcatus,f,Native,Native
Platanus hispanica,f,Exotic,Exotic
Salvia leucantha,f,Exotic,Exotic
Lasiopetalum ferrugineum var. cordatum,f,Native,Native
Erythrina sykesii,f,Exotic,Exotic
Plantago coronopus,f,Exotic,Exotic
Bothriochloa decipiens var. decipiens,f,Native,Native
Notelaea longifolia f. longifolia,f,Native,Native
Osteospermum moniliferum moniliferum,f,Exotic,Exotic
Dodonaea viscosa subsp. cuneata,f,Native,Native
Gamochaeta,f,Native,Native
Salvinia x molesta,f,Exotic,Exotic
Dichondra Inglewood,f,Native,Native
Dichondra sp. inglewood (j.m.dalby 86/93),f,Native,Native
Myoporum boninense,f,Native,Native
Poa labillardierei var. labillardierei,f,Native,Native
Lepidosperma cf. laterale,f,Native,Native
Urtica dioica,f,Exotic,Exotic
Canna generalis,f,Exotic,Exotic
Agapanthus praecox,f,Exotic,Exotic
Dianella caerulea var. caerulea,f,Native,Native
Epidendrum obrienianum,f,Exotic,Exotic
Hippeastrum carinatum,f,Exotic,Exotic
Rubus,f,Native,Genus Only
Zornia dyctiocarpa var. dyctiocarpa,f,Native,Native
Pyrorchis nigricans,f,Native,Native
Grevillea concinna,f,Native,Native
Bryophyllum houghtonii,f,Exotic,Exotic
Eucalyptus globulus,f,Native,Native
Acacia saligna,t,Native,Native
Corymbia citriodora,t,Exotic,Exotic
Corymbia torelliana,t,Exotic,Exotic
Cotula coronopifolia,t,Exotic,Exotic
Oxalis thompsoniae,t,Exotic,Exotic
Sida spinosa,t,Exotic,Exotic
Thunbergia alata,t,Exotic,Exotic
Agave americana,t,Exotic,Exotic
Yucca aloifolia,t,Exotic,Exotic
Nothoscordum borbonicum,t,Exotic,Exotic
Alternanthera philoxeroides,t,Exotic,Exotic
Alternanthera pungens,t,Exotic,Exotic
Amaranthus hybridus,t,Exotic,Exotic
Amaranthus viridis,t,Exotic,Exotic
Gomphrena celosioides,t,Exotic,Exotic
Clivia miniata,t,Exotic,Exotic
Harpephyllum caffrum,t,Exotic,Exotic
Pistacia chinensis,t,Exotic,Exotic
Toxicodendron succedaneum,t,Exotic,Exotic
Chlorophytum comosum,t,Exotic,Exotic
Apium graveolens,t,Exotic,Exotic
Cyclospermum leptophyllum,t,Exotic,Exotic
Daucus carota,t,Exotic,Exotic
Foeniculum vulgare,t,Exotic,Exotic
Hydrocotyle bonariensis,t,Exotic,Exotic
Araujia sericifera,t,Exotic,Exotic
Asclepias curassavica,t,Exotic,Exotic
Catharanthus roseus,t,Exotic,Exotic
Gomphocarpus fruticosus,t,Exotic,Exotic
Nerium oleander,t,Exotic,Exotic
Plumeria obtusa,t,Exotic,Exotic
Vinca major,t,Exotic,Exotic
Monstera deliciosa,t,Exotic,Exotic
Philodendron bipinnatifidum,t,Exotic,Exotic
Hedera helix,t,Exotic,Exotic
Araucaria heterophylla,t,Exotic,Exotic
Dypsis lutescens,t,Exotic,Exotic
Phoenix canariensis,t,Exotic,Exotic
Phoenix reclinata,t,Exotic,Exotic
Syagrus romanzoffiana,t,Exotic,Exotic
Washingtonia filifera,t,Exotic,Exotic
Aristolochia elegans,t,Exotic,Exotic
Asparagus aethiopicus,t,Exotic,Exotic
Asparagus africanus,t,Exotic,Exotic
Asparagus asparagoides,t,Exotic,Exotic
Asparagus officinalis,t,Exotic,Exotic
Asparagus plumosus,t,Exotic,Exotic
Asparagus scandens,t,Exotic,Exotic
Asparagus virgatus,t,Exotic,Exotic
Dracaena marginata,t,Exotic,Exotic
Asphodelus fistulosus,t,Exotic,Exotic
Cordyline australis,t,Exotic,Exotic
Ageratina adenophora,t,Exotic,Exotic
Ageratina riparia,t,Exotic,Exotic
Ambrosia artemisiifolia,t,Exotic,Exotic
Ambrosia psilostachya,t,Exotic,Exotic
Arctotheca calendula,t,Exotic,Exotic
Bidens pilosa,t,Exotic,Exotic
Bidens subalternans,t,Exotic,Exotic
Bidens tripartita,t,Exotic,Exotic
Centaurea melitensis,t,Exotic,Exotic
Chrysanthemoides monilifera,t,Exotic,Exotic
Cichorium intybus,t,Exotic,Exotic
Cirsium vulgare,t,Exotic,Exotic
Coreopsis lanceolata,t,Exotic,Exotic
Crepis capillaris,t,Exotic,Exotic
Delairea odorata,t,Exotic,Exotic
Dimorphotheca ecklonis,t,Exotic,Exotic
Erigeron karvinskianus,t,Exotic,Exotic
Eriocephalus africanus,t,Exotic,Exotic
Galinsoga parviflora,t,Exotic,Exotic
Gamochaeta calviceps,t,Exotic,Exotic
Gamochaeta coarctata,t,Exotic,Exotic
Gamochaeta purpurea,t,Exotic,Exotic
Gazania rigens,t,Exotic,Exotic
Gnaphalium polycaulon,t,Exotic,Exotic
Hypochaeris albiflora,t,Exotic,Exotic
Hypochaeris glabra,t,Exotic,Exotic
Hypochaeris radicata,t,Exotic,Exotic
Lactuca serriola,t,Exotic,Exotic
Roldana petasitis,t,Exotic,Exotic
Senecio madagascariensis,t,Exotic,Exotic
Senecio pterophorus,t,Exotic,Exotic
Soliva sessilis,t,Exotic,Exotic
Sonchus oleraceus,t,Exotic,Exotic
Tagetes minuta,t,Exotic,Exotic
Taraxacum officinale,t,Exotic,Exotic
Xanthium occidentale,t,Exotic,Exotic
Impatiens walleriana,t,Exotic,Exotic
Anredera cordifolia,t,Exotic,Exotic
Jacaranda mimosifolia,t,Exotic,Exotic
Tecoma capensis,t,Exotic,Exotic
Tecoma stans,t,Exotic,Exotic
Echium plantagineum,t,Exotic,Exotic
Brassica fruticulosa,t,Exotic,Exotic
Brassica juncea,t,Exotic,Exotic
Capsella bursa-pastoris,t,Exotic,Exotic
Cardamine flexuosa,t,Exotic,Exotic
Cardamine hirsuta,t,Exotic,Exotic
Hirschfeldia incana,t,Exotic,Exotic
Lepidium africanum,t,Exotic,Exotic
Lepidium bonariense,t,Exotic,Exotic
Lepidium didymum,t,Exotic,Exotic
Rorippa nasturtium-aquaticum,t,Exotic,Exotic
Sisymbrium officinale,t,Exotic,Exotic
Opuntia elatior,t,Exotic,Exotic
Opuntia stricta,t,Exotic,Exotic
Opuntia tomentosa,t,Exotic,Exotic
Callitriche stagnalis,t,Exotic,Exotic
Lonicera japonica,t,Exotic,Exotic
Cerastium glomeratum,t,Exotic,Exotic
Paronychia brasiliana,t,Exotic,Exotic
Petrorhagia dubia,t,Exotic,Exotic
Petrorhagia nanteuilii,t,Exotic,Exotic
Polycarpon tetraphyllum,t,Exotic,Exotic
Silene gallica,t,Exotic,Exotic
Spergularia diandra,t,Exotic,Exotic
Spergularia levis,t,Exotic,Exotic
Spergularia rubra,t,Exotic,Exotic
Stellaria media,t,Exotic,Exotic
Atriplex prostrata,t,Exotic,Exotic
Chenopodium album,t,Exotic,Exotic
Chenopodium murale,t,Exotic,Exotic
Dysphania ambrosioides,t,Exotic,Exotic
Hypericum perforatum,t,Exotic,Exotic
Callisia fragrans,t,Exotic,Exotic
Tradescantia fluminensis,t,Exotic,Exotic
Tradescantia pallida,t,Exotic,Exotic
Tradescantia zebrina,t,Exotic,Exotic
Ipomoea indica,t,Exotic,Exotic
Ipomoea purpurea,t,Exotic,Exotic
Ipomoea quamoclit,t,Exotic,Exotic
Bryophyllum daigremontianum,t,Exotic,Exotic
Bryophyllum delagoense,t,Exotic,Exotic
Cyperus aggregatus,t,Exotic,Exotic
Cyperus albostriatus,t,Exotic,Exotic
Cyperus brevifolius,t,Exotic,Exotic
Cyperus eragrostis,t,Exotic,Exotic
Cyperus involucratus,t,Exotic,Exotic
Cyperus rotundus,t,Exotic,Exotic
Cyperus sesquiflorus,t,Exotic,Exotic
Eleocharis minuta,t,Exotic,Exotic
Isolepis levynsiana,t,Exotic,Exotic
Isolepis marginata,t,Exotic,Exotic
Isolepis prolifera,t,Exotic,Exotic
Isolepis sepulcralis,t,Exotic,Exotic
Erica lusitanica,t,Exotic,Exotic
Euphorbia peplus,t,Exotic,Exotic
Ricinus communis,t,Exotic,Exotic
Bauhinia variegata,t,Exotic,Exotic
Gleditsia triacanthos,t,Exotic,Exotic
Senna septemtrionalis,t,Exotic,Exotic
Dipogon lignosus,t,Exotic,Exotic
Erythrina crista-galli,t,Exotic,Exotic
Genista linifolia,t,Exotic,Exotic
Genista monspessulana,t,Exotic,Exotic
Lotus angustissimus,t,Exotic,Exotic
Lotus corniculatus,t,Exotic,Exotic
Lotus subbiflorus,t,Exotic,Exotic
Medicago arabica,t,Exotic,Exotic
Medicago minima,t,Exotic,Exotic
Medicago polymorpha,t,Exotic,Exotic
Medicago sativa,t,Exotic,Exotic
Medicago truncatula,t,Exotic,Exotic
Tephrosia grandiflora,t,Exotic,Exotic
Trifolium arvense,t,Exotic,Exotic
Trifolium campestre,t,Exotic,Exotic
Trifolium dubium,t,Exotic,Exotic
Trifolium glomeratum,t,Exotic,Exotic
Trifolium pratense,t,Exotic,Exotic
Trifolium repens,t,Exotic,Exotic
Trifolium subterraneum,t,Exotic,Exotic
Ulex europaeus,t,Exotic,Exotic
Vicia sativa,t,Exotic,Exotic
Vicia tetrasperma,t,Exotic,Exotic
Wisteria sinensis,t,Exotic,Exotic
Quercus robur,t,Exotic,Exotic
Fumaria bastardii,t,Exotic,Exotic
Centaurium erythraea,t,Exotic,Exotic
Centaurium tenuiflorum,t,Exotic,Exotic
Erodium cicutarium,t,Exotic,Exotic
Pelargonium asperum,t,Exotic,Exotic
Myriophyllum aquaticum,t,Exotic,Exotic
Liquidambar orientalis,t,Exotic,Exotic
Liquidambar styraciflua,t,Exotic,Exotic
Aristea ecklonii,t,Exotic,Exotic
Dietes bicolor,t,Exotic,Exotic
Dietes grandiflora,t,Exotic,Exotic
Gladiolus undulatus,t,Exotic,Exotic
Iris germanica,t,Exotic,Exotic
Moraea flaccida,t,Exotic,Exotic
Watsonia meriana,t,Exotic,Exotic
Juncus tenuis,t,Exotic,Exotic
Plectranthus verticillatus,t,Exotic,Exotic
Rosmarinus officinalis,t,Exotic,Exotic
Scutellaria racemosa,t,Exotic,Exotic
Stachys arvensis,t,Exotic,Exotic
Cinnamomum camphora,t,Exotic,Exotic
Lilium formosanum,t,Exotic,Exotic
Linum trigynum,t,Exotic,Exotic
Gelsemium sempervirens,t,Exotic,Exotic
Lagerstroemia indica,t,Exotic,Exotic
Cotoneaster glaucophyllus,t,Exotic,Exotic
Cotoneaster pannosus,t,Exotic,Exotic
Eriobotrya japonica,t,Exotic,Exotic
Malus domestica,t,Exotic,Exotic
Photinia serratifolia,t,Exotic,Exotic
Pyracantha angustifolia,t,Exotic,Exotic
Rhaphiolepis indica,t,Exotic,Exotic
Hibiscus rosa-sinensis,t,Exotic,Exotic
Malva neglecta,t,Exotic,Exotic
Malva nicaeensis,t,Exotic,Exotic
Malva parviflora,t,Exotic,Exotic
Malva sylvestris,t,Exotic,Exotic
Modiola caroliniana,t,Exotic,Exotic
Pavonia hastata,t,Exotic,Exotic
Sida rhombifolia,t,Exotic,Exotic
Urena lobata,t,Exotic,Exotic
Tibouchina urvilleana,t,Exotic,Exotic
Ficus benjamina,t,Exotic,Exotic
Ficus microcarpa,t,Exotic,Exotic
Morus alba,t,Exotic,Exotic
Morus nigra,t,Exotic,Exotic
Agonis flexuosa,t,Exotic,Exotic
Corymbia ficifolia,t,Exotic,Exotic
Eucalyptus cladocalyx,t,Exotic,Exotic
Metrosideros excelsa,t,Exotic,Exotic
Psidium guajava,t,Exotic,Exotic
Nandina domestica,t,Exotic,Exotic
Nelumbo nucifera,t,Exotic,Exotic
Nymphaea alba,t,Exotic,Exotic
Ochna serrulata,t,Exotic,Exotic
Jasminum polyanthum,t,Exotic,Exotic
Ligustrum lucidum,t,Exotic,Exotic
Ligustrum sinense,t,Exotic,Exotic
Olea europaea,t,Exotic,Exotic
Ludwigia peruviana,t,Exotic,Exotic
Oenothera glazioviana,t,Exotic,Exotic
Oxalis corniculata,t,Exotic,Exotic
Oxalis latifolia,t,Exotic,Exotic
Oxalis pes-caprae,t,Exotic,Exotic
Oxalis purpurea,t,Exotic,Exotic
Papaver hybridum,t,Exotic,Exotic
Passiflora caerulea,t,Exotic,Exotic
Passiflora edulis,t,Exotic,Exotic
Passiflora morifolia,t,Exotic,Exotic
Passiflora suberosa,t,Exotic,Exotic
Passiflora subpeltata,t,Exotic,Exotic
Phyllanthus tenellus,t,Exotic,Exotic
Phytolacca octandra,t,Exotic,Exotic
Pinus radiata,t,Exotic,Exotic
Plantago lanceolata,t,Exotic,Exotic
Veronica arvensis,t,Exotic,Exotic
Veronica persica,t,Exotic,Exotic
Plumbago auriculata,t,Exotic,Exotic
Agrostis capillaris,t,Exotic,Exotic
Aira caryophyllea,t,Exotic,Exotic
Aira cupaniana,t,Exotic,Exotic
Andropogon virginicus,t,Exotic,Exotic
Anthoxanthum odoratum,t,Exotic,Exotic
Avena fatua,t,Exotic,Exotic
Avena sativa,t,Exotic,Exotic
Avena sterilis,t,Exotic,Exotic
Axonopus compressus,t,Exotic,Exotic
Axonopus fissifolius,t,Exotic,Exotic
Briza maxima,t,Exotic,Exotic
Cyperus spp.,f,Native,Genus Only
Briza minor,t,Exotic,Exotic
Bromus brevis,t,Exotic,Exotic
Bromus catharticus,t,Exotic,Exotic
Bromus diandrus,t,Exotic,Exotic
Bromus rubens,t,Exotic,Exotic
Cenchrus clandestinus,t,Exotic,Exotic
Cenchrus longisetus,t,Exotic,Exotic
Cenchrus setaceus,t,Exotic,Exotic
Chloris gayana,t,Exotic,Exotic
Chloris virgata,t,Exotic,Exotic
Cortaderia selloana,t,Exotic,Exotic
Dactylis glomerata,t,Exotic,Exotic
Digitaria ciliaris,t,Exotic,Exotic
Digitaria eriantha,t,Exotic,Exotic
Digitaria sanguinalis,t,Exotic,Exotic
Echinochloa crus-galli,t,Exotic,Exotic
Ehrharta erecta,t,Exotic,Exotic
Ehrharta longiflora,t,Exotic,Exotic
Eleusine indica,t,Exotic,Exotic
Eleusine tristachya,t,Exotic,Exotic
Eragrostis cilianensis,t,Exotic,Exotic
Eragrostis curvula,t,Exotic,Exotic
Hyparrhenia hirta,t,Exotic,Exotic
Lagurus ovatus,t,Exotic,Exotic
Lolium multiflorum,t,Exotic,Exotic
Lolium perenne,t,Exotic,Exotic
Lolium rigidum,t,Exotic,Exotic
Megathyrsus maximus,t,Exotic,Exotic
Melinis repens,t,Exotic,Exotic
Nassella neesiana,t,Exotic,Exotic
Parapholis incurva,t,Exotic,Exotic
Paspalum dilatatum,t,Exotic,Exotic
Paspalum quadrifarium,t,Exotic,Exotic
Paspalum urvillei,t,Exotic,Exotic
Phalaris aquatica,t,Exotic,Exotic
Phalaris canariensis,t,Exotic,Exotic
Phyllostachys nigra,t,Exotic,Exotic
Poa annua,t,Exotic,Exotic
Poa pratensis,t,Exotic,Exotic
Polypogon lutosus,t,Exotic,Exotic
Setaria italica,t,Exotic,Exotic
Setaria palmifolia,t,Exotic,Exotic
Setaria parviflora,t,Exotic,Exotic
Setaria pumila,t,Exotic,Exotic
Sorghum halepense,t,Exotic,Exotic
Sporobolus africanus,t,Exotic,Exotic
Sporobolus fertilis,t,Exotic,Exotic
Sporobolus indicus,t,Exotic,Exotic
Stenotaphrum secundatum,t,Exotic,Exotic
Vulpia bromoides,t,Exotic,Exotic
Vulpia muralis,t,Exotic,Exotic
Vulpia myuros,t,Exotic,Exotic
Polygala myrtifolia,t,Exotic,Exotic
Polygala virgata,t,Exotic,Exotic
Persicaria capitata,t,Exotic,Exotic
Persicaria maculosa,t,Exotic,Exotic
Polygonum aviculare,t,Exotic,Exotic
Rumex conglomeratus,t,Exotic,Exotic
Rumex crispus,t,Exotic,Exotic
Rumex obtusifolius,t,Exotic,Exotic
Rumex pulcher,t,Exotic,Exotic
Lysimachia arvensis,t,Exotic,Exotic
Grevillea banksii,t,Exotic,Exotic
Punica granatum,t,Exotic,Exotic
Ranunculus muricatus,t,Exotic,Exotic
Ranunculus repens,t,Exotic,Exotic
Prunus persica,t,Exotic,Exotic
Rosa bracteata,t,Exotic,Exotic
Rosa rubiginosa,t,Exotic,Exotic
Galium aparine,t,Exotic,Exotic
Galium tricornutum,t,Exotic,Exotic
Richardia stellaris,t,Exotic,Exotic
Sherardia arvensis,t,Exotic,Exotic
Calodendrum capense,t,Exotic,Exotic
Murraya paniculata,t,Exotic,Exotic
Populus alba,t,Exotic,Exotic
Populus nigra,t,Exotic,Exotic
Salix babylonica,t,Exotic,Exotic
Salvinia molesta,t,Exotic,Exotic
Acer negundo,t,Exotic,Exotic
Cardiospermum grandiflorum,t,Exotic,Exotic
Misopates orontium,t,Exotic,Exotic
Verbascum virgatum,t,Exotic,Exotic
Ailanthus altissima,t,Exotic,Exotic
Cestrum nocturnum,t,Exotic,Exotic
Cestrum parqui,t,Exotic,Exotic
Datura stramonium,t,Exotic,Exotic
Lycium ferocissimum,t,Exotic,Exotic
Nicotiana tabacum,t,Exotic,Exotic
Physalis peruviana,t,Exotic,Exotic
Salpichroa origanifolia,t,Exotic,Exotic
Solanum americanum,t,Exotic,Exotic
Solanum chenopodioides,t,Exotic,Exotic
Solanum linnaeanum,t,Exotic,Exotic
Solanum mauritianum,t,Exotic,Exotic
Solanum pseudocapsicum,t,Exotic,Exotic
Solanum seaforthianum,t,Exotic,Exotic
Solanum sisymbriifolium,t,Exotic,Exotic
Strelitzia reginae,t,Exotic,Exotic
Camellia japonica,t,Exotic,Exotic
Camellia sasanqua,t,Exotic,Exotic
Tropaeolum majus,t,Exotic,Exotic
Celtis australis,t,Exotic,Exotic
Celtis occidentalis,t,Exotic,Exotic
Celtis sinensis,t,Exotic,Exotic
Ulmus parvifolia,t,Exotic,Exotic
Parietaria judaica,t,Exotic,Exotic
Urtica urens,t,Exotic,Exotic
Citharexylum spinosum,t,Exotic,Exotic
Lantana camara,t,Exotic,Exotic
Lantana montevidensis,t,Exotic,Exotic
Verbena bonariensis,t,Exotic,Exotic
Verbena hispida,t,Exotic,Exotic
Verbena litoralis,t,Exotic,Exotic
Verbena officinalis,t,Exotic,Exotic
Verbena quadrangularis,t,Exotic,Exotic
Viola odorata,t,Exotic,Exotic
Heterophylla sp.,f,Native,Genus Only
Hedychium coronarium,t,Exotic,Exotic
Hedychium gardnerianum,t,Exotic,Exotic
Erythrina x sykesii,t,Exotic,Exotic
Solanum nigrum,t,Exotic,Exotic
Rubus ulmifolius,t,Exotic,Exotic
Olea europaea subsp. cuspidata,t,Exotic,Exotic
Verbena incompta,t,Exotic,Exotic
Ipomoea cairica,t,Exotic,Exotic
Sagittaria platyphylla,t,Exotic,Exotic
Sisyrinchium rosulatum,t,Exotic,Exotic
Hibbertia fumana,f,Native,Native
Rhodamnia rubescens,f,Native,Native
Hibbertia stricta,f,Native,Native
Acacia terminalis,f,Native,Native
Caesia parviflora,f,Native,Native
Cheilanthes sieberi,f,Native,Native
Deyeuxia appressa,f,Native,Native
Persoonia nutans,f,Native,Native
Pimelea spicata,f,Native,Native
Pomaderris brunnea,f,Native,Native
Pultenaea pedunculata,f,Native,Native
Pterostylis gibbosa,f,Native,Native
Veronica lithophila,f,Native,Native
Phaius australis,f,Native,Native
Diploglottis campbellii,f,Native,Native
Eucalyptus scoparia,f,Native,Native
Sarcochilus hartmannii,f,Native,Native
Bulbophyllum globuliforme,f,Native,Native
Eucalyptus camfieldii,f,Native,Native
Hakea archaeoides,f,Native,Native
Syzygium moorei,f,Native,Native
Eucalyptus caleyi,f,Native,Native
Leucopogon exolasius,f,Native,Native
Patersonia sp.,f,Native,Genus Only
Acacia hispidula,f,Native,Native
Acacia pycnantha,f,Native,Native
Acianthus pusillus,f,Native,Native
Acronychia oblongifolia,f,Native,Native
Alisma plantago-aquatica,f,Native,Native
Amyema congener,f,Native,Native
Aphanopetalum resinosum,f,Native,Native
Aristida benthamii,f,Native,Native
Aristida calycina,f,Native,Native
Austrostipa verticillata,f,Native,Native
Azolla pinnata,f,Native,Native
Baeckea linifolia,f,Native,Native
Bauera rubioides,f,Native,Native
Blechnum ambiguum,f,Native,Native
Blechnum camfieldii,f,Native,Native
Blechnum cartilagineum,f,Native,Native
Boronia polygalifolia,f,Native,Native
Bossiaea ensata,f,Native,Native
Bothriochloa decipiens,f,Native,Native
Brachyscome graminea,f,Native,Native
Caladenia alata,f,Native,Native
Caladenia fuscata,f,Native,Native
Caleana major,f,Native,Native
Calochilus gracillimus,f,Native,Native
Calochilus robertsonii,f,Native,Native
Calytrix tetragona,f,Native,Native
Anthosachne kingiana,f,Native,Native
Acacia podalyriifolia,f,Native,Native
Cissus antarctica,f,Native,Native
Cissus hypoglauca,f,Native,Native
Cladium procerum,f,Native,Native
Correa reflexa,f,Native,Native
Lindsaea linearis,f,Native,Native
Poa sieberiana,f,Native,Native
Veronica plebeia,f,Native,Native
Viminaria juncea,f,Native,Native
Viola banksii,f,Native,Native
Viola hederacea,f,Native,Native
Vittadinia cuneata,f,Native,Native
Vittadinia sulcata,f,Native,Native
Wahlenbergia capillaris,f,Native,Native
Wahlenbergia gracilis,f,Native,Native
Wahlenbergia stricta,f,Native,Native
Westringia fruticosa,f,Native,Native
Westringia longifolia,f,Native,Native
Woollsia pungens,f,Native,Native
Xanthorrhoea arborea,f,Native,Native
Xanthorrhoea concava,f,Native,Native
Xanthorrhoea media,f,Native,Native
Xanthorrhoea minor,f,Native,Native
Xanthorrhoea resinosa,f,Native,Native
Xanthosia pilosa,f,Native,Native
Xanthosia tridentata,f,Native,Native
Xylomelum pyriforme,f,Native,Native
Zieria pilosa,f,Native,Native
Zoysia macrantha,f,Native,Native
Sambucus australasica,f,Native,Native
Sagittaria graminea,f,Native,Native
Apium prostratum,f,Native,Native
Centella cordifolia,f,Native,Native
Hydrocotyle laxiflora,f,Native,Native
Platysace lanceolata,f,Native,Native
Leichhardtia flavescens,f,Native,Native
Polyscias sambucifolia,f,Native,Native
Archontophoenix cunninghamiana,f,Native,Native
Howea forsteriana,f,Native,Native
Livistona australis,f,Native,Native
Dianella longifolia,f,Native,Native
Dianella prunina,f,Native,Native
Cordyline stricta,f,Native,Native
Symphyotrichum subulatum,f,Exotic,Exotic
Brachyscome multifida,f,Native,Native
Calotis cuneata,f,Native,Native
Cassinia aculeata,f,Native,Native
Cassinia uncata,f,Native,Native
Chrysocephalum semipapposum,f,Native,Native
Erigeron bonariensis,f,Exotic,Exotic
Erigeron sumatrensis,f,Native,Native
Cymbonotus lawsonianus,f,Native,Native
Zieria smithii,f,Native,Native
Wilsonia backhousei,f,Native,Native
Senecio bathurstianus,f,Native,Native
Senecio prenanthoides,f,Native,Native
Xerochrysum bracteatum,f,Native,Native
Brassica rapa,f,Exotic,Exotic
Lepidium pseudohyssopifolium,f,Native,Native
Spergularia marina,f,Native,Native
Dysphania glomulifera,f,Native,Native
Einadia nutans,f,Native,Native
Hypericum japonicum,f,Native,Native
Crassula helmsii,f,Native,Native
Carex fascicularis,f,Native,Native
Cyperus enervis,f,Native,Native
Ficinia nodosa,f,Native,Native
Gahnia erythrocarpa,f,Native,Native
Lepidosperma filiforme,f,Native,Native
Lepidosperma latens,f,Native,Native
Lepidosperma urophorum,f,Native,Native
Scleria mackaviensis,f,Native,Native
Tetraria capillaris,f,Native,Native
Hibbertia linearis,f,Native,Native
Hibbertia monogyna,f,Native,Native
Tetratheca juncea,f,Native,Native
Hibbertia riparia,f,Native,Native
Hibbertia serpyllifolia,f,Native,Native
Doryanthes excelsa,f,Native,Native
Epacris obtusifolia,f,Native,Native
Canna indica,t,Exotic,Exotic
Hibbertia puberula,f,Native,Native
Eriocaulon scariosum,f,Native,Native
Alchornea ilicifolia,f,Native,Native
Senna barronfieldii,f,Native,Native
Aotus ericoides,f,Native,Native
Bossiaea buxifolia,f,Native,Native
Bossiaea rhombifolia,f,Native,Native
Castanospermum australe,f,Native,Native
Daviesia genistifolia,f,Native,Native
Daviesia ulicifolia,f,Native,Native
Dillwynia rudis,f,Native,Native
Gompholobium minus,f,Native,Native
Hovea heterophylla,f,Native,Native
Hovea purpurea,f,Native,Native
Hovea speciosa,f,Native,Native
Kennedia prostrata,f,Native,Native
Mirbelia baueri,f,Native,Native
Phyllota grandiflora,f,Native,Native
Platylobium formosum,f,Native,Native
Pultenaea linophylla,f,Native,Native
Pultenaea microphylla,f,Native,Native
Pultenaea mollis,f,Native,Native
Glycine clandestina,f,Native,Native
Pultenaea stipularis,f,Native,Native
Swainsona galegifolia,f,Native,Native
Acacia buxifolia,f,,Genus Only
Acacia cultriformis,f,Native,Native
Acacia elata,f,Native,Native
Acacia elongata,f,Native,Native
Acacia falciformis,f,Native,Native
Acacia linearifolia,f,Native,Native
Acacia rubida,f,Native,Native
Acacia saliciformis,f,Native,Native
Acacia schinoides,f,Native,Native
Goodenia heterophylla,f,Native,Native
Gonocarpus longifolius,f,Native,Native
Gonocarpus teucrioides,f,Native,Native
Hypoxis hygrometrica,f,Native,Native
Sisyrinchium micranthum,f,Exotic,Exotic
Luzula densiflora,f,Native,Native
Cycnogeton multifructum,f,Native,Native
Cycnogeton procerum,f,Native,Native
Ajuga australis,f,Native,Native
Utricularia australis,f,Native,Native
Utricularia dichotoma,f,Native,Native
Utricularia lateriflora,f,Native,Native
Utricularia uliginosa,f,Native,Native
Lomandra confertifolia,f,Native,Native
Lomandra filiformis,f,Native,Native
Lomandra fluviatilis,f,Native,Native
Pultenaea parviflora,f,Native,Native
Acacia bynoeana,f,Native,Native
Abutilon oxycarpum,f,Native,Native
Lagunaria patersonia,f,Exotic,Exotic
Toona ciliata,f,Native,Native
Stephania japonica,f,Native,Native
Palmeria scandens,f,Native,Native
Ficus obliqua,f,Native,Native
Callistemon subulatus,f,Native,Native
Corymbia eximia,f,Native,Native
Eucalyptus consideniana,f,Native,Native
Eucalyptus elata,f,Native,Native
Eucalyptus haemastoma,f,Native,Native
Eucalyptus mannifera,f,Native,Native
Eucalyptus melliodora,f,Native,Native
Eucalyptus obstans,f,Native,Native
Eucalyptus punctata,f,Native,Native
Eucalyptus sieberi,f,Native,Native
Eucalyptus squamosa,f,Native,Native
Eucalyptus viminalis,f,Native,Native
Harmogia densifolia,f,Native,Native
Leptospermum lanigerum,f,Native,Native
Leptospermum polyanthum,f,Native,Native
Leptospermum trinervium,f,Native,Native
Melaleuca sieberi,f,Native,Native
Syzygium australe,f,Native,Native
Tristaniopsis laurina,f,Native,Native
Najas tenuifolia,f,Native,Native
Acianthus exsertus,f,Native,Native
Pterostylis erecta,f,Native,Native
Oxalis chnoodes,f,Native,Native
Glochidion ferdinandi,f,Native,Native
Poranthera corymbosa,f,Native,Native
Hymenosporum flavum,f,Native,Native
Vicia sp.,f,Exotic,Genus Only
Aristida vagans,f,Native,Native
Austrostipa rudis,f,Native,Native
Chascolytrum subaristatum,f,Exotic,Exotic
Capillipedium parviflorum,f,Native,Native
Seringia denticulata,f,Native,Native
Eucalyptus nicholii,f,Native,Native
Entolasia stricta,f,Native,Native
Imperata cylindrica,f,Native,Native
Lachnagrostis aemula,f,Native,Native
Paspalidium gracile,f,Native,Native
Rytidosperma semiannulare,f,Native,Native
Rytidosperma tenuius,f,Native,Native
Sporobolus virginicus,f,Native,Native
Podocarpus elatus,f,Native,Native
Rumex sagittatus,f,Exotic,Exotic
Persicaria strigosa,f,Native,Native
Banksia aemula,f,Native,Native
Conospermum ericifolium,f,Native,Native
Grevillea buxifolia,f,Native,Native
Grevillea linearifolia,f,Native,Native
Grevillea speciosa,f,Native,Native
Hakea gibbosa,f,Native,Native
Hakea propinqua,f,Native,Native
Isopogon anethifolius,f,Native,Native
Macadamia integrifolia,f,Native,Native
Persoonia pinifolia,f,Native,Native
Stenocarpus sinuatus,f,Native,Native
Ranunculus inundatus,f,Native,Native
Hypolaena fastigiata,f,Native,Native
Sporadanthus gracilis,f,Native,Native
Cryptandra ericoides,f,Native,Native
Emmenosperma alphitonioides,f,Native,Native
Galium propinquum,f,Native,Native
Boronia pinnata,f,Native,Native
Crowea saligna,f,Native,Native
Leionema dentatum,f,Native,Native
Philotheca salsolifolia,f,Native,Native
Philotheca scabra,f,Native,Native
Cupaniopsis anacardioides,f,Native,Native
Diploglottis australis,f,Native,Native
Dodonaea viscosa,f,Native,Native
Melilotus indicus,t,Exotic,Exotic
Grevillea juniperina,f,Native,Native
Verbena rigida,f,Exotic,Exotic
Viola betonicifolia,f,Native,Native
Asparagus setaceus,f,Exotic,Exotic
Sphagnum australe,f,Native,Native
Desmodium varians,f,Native,Native
Nyssanthes erecta,f,Native,Native
Echinopogon intermedius,f,Native,Native
Phoenix dactylifera,f,Native,Native
Bursaria spinosa subsp. spinosa,f,Native,Native
Hibbertia hypericoides,f,Native,Native
Corymbia calophylla,f,Native,Native
Hakea lorea,f,Native,Native
Ipomoea muelleri,f,Native,Native
Adansonia gregorii,f,Native,Native
Cochlospermum fraseri,f,Native,Native
Spathodea campanulata,f,Exotic,Exotic
Swainsona formosa,f,Native,Native
Philotheca buxifolia subsp. buxifolia,f,Native,Native
Nymphoides crenata,f,Native,Native
Vicia hirsuta,f,Exotic,Exotic
Cyperus alterniflorus,f,Native,Native
Bidens alba,f,Exotic,Exotic
Heptapleurum actinophyllum,f,Native,Native
Talinum paniculatum,f,Exotic,Exotic
Parthenocissus quinquefolia,f,Exotic,Exotic
Samolus valerandi,f,Native,Native
Potamogeton suboblongus,f,Exotic,Exotic
Polypogon monspeliensis,f,Native,Native
Euphorbia paralias,f,Exotic,Exotic
Solanum chrysotrichum,f,Exotic,Exotic
Grevillea venusta,f,Native,Native
Calystegia sepium,f,Native,Native
Carica papaya,f,Exotic,Exotic
Cassia sp.,f,Native,Genus Only
Phyllostachys sp.,f,Native,Genus Only
Physalis spp.,f,Exotic,Genus Only
Pinus sp.,f,Exotic,Exotic
Digitaria violascens,t,Exotic,Exotic
Chrysanthemoides monilifera subsp. monilifera,t,Exotic,Exotic
Polygonum arenastrum,t,Exotic,Exotic
Rubus anglocandicans,t,Exotic,Exotic
Crocosmia x crocosmiiflora,t,Exotic,Exotic
Senna pendula var. glabrata,t,Exotic,Exotic
Conyza spp.,t,Exotic,Exotic
Cotoneaster spp.,t,Exotic,Exotic
Romulea rosea var. australis,t,Exotic,Exotic
Rubus fruticosus sp. agg.,t,Exotic,Exotic
